룴,꼅넍,덧껿
6:44,꽮챌w,
7:28,꽮챌w,
7:57,꽮챌w,
8:32,꽮챌w,
8:55,꽮챌w,
9:22,꽮챌w,
10:06,꽮챌w,
10:17,꽮챌w,
10:33,꽮챌w,
10:43,꽮챌w,
10:59,꽮챌w,
11:09,꽮챌w,
11:25,꽮챌w,
11:37,꽮챌w,
11:50,꽮챌w,
12:04,꽮챌w,
12:14,꽮챌w,
12:30,꽮챌w,
12:43,꽮챌w,
12:56,꽮챌w,
13:08,꽮챌w,
13:22,꽮챌w,
13:34,꽮챌w,
13:48,꽮챌w,
14:00,꽮챌w,
14:13,꽮챌w,
14:26,꽮챌w,
14:40,꽮챌w,
14:54,꽮챌w,
15:06,꽮챌w,
15:22,꽮챌w,
15:33,꽮챌w,
15:46,꽮챌w,
15:57,꽮챌w,
16:10,꽮챌w,
16:22,꽮챌w,
16:37,꽮챌w,
16:52,꽮챌w,
17:07,꽮챌w,
17:22,꽮챌w,
17:37,꽮챌w,
17:52,꽮챌w,
18:07,꽮챌w,
18:22,꽮챌w,
18:37,꽮챌w,
18:57,꽮챌w,
19:17,꽮챌w,
19:34,꽮챌w,
19:52,꽮챌w,
20:22,꽮챌w,
20:58,꽮챌w,
21:23,꽮챌w,
22:12,꽮챌w,
